{
  "train_loss": [
    1.7367710021825937,
    1.2560341972571152,
    1.1000120832369877,
    1.064010761334346,
    1.0105905963824346,
    0.9537047120241019,
    0.9276622148660513,
    0.8450747531193953,
    0.8097762052829449,
    0.7599545267912058,
    0.7004338026046752,
    0.6751616661365215,
    0.6053840201634627,
    0.6131448823672074,
    0.5633166290246523,
    0.5519794564980727,
    0.5243211081394783,
    0.4919326603412628,
    0.5133982287003444,
    0.48361124579723064,
    0.4544867909871615,
    0.43807193086697505,
    0.4176309989048885,
    0.40697618814615105,
    0.4082556137671837,
    0.4134029622261341,
    0.3934507021537194,
    0.4003048557501573,
    0.38047931698652415,
    0.3632745724457961,
    0.3760683816212874,
    0.34582491287818323,
    0.3581743304546063,
    0.34553400186391975,
    0.36196212997803323,
    0.3555215129485497,
    0.35116721987724303,
    0.3343715383456303,
    0.3350920209517846,
    0.32460892154620247,
    0.3210072471545293,
    0.32236727109322183,
    0.3310963612336379,
    0.3182195947720454,
    0.3291742925460522,
    0.32454802302213814,
    0.32320899138083825,
    0.3256200671195984,
    0.3223820191163283,
    0.31816623852803155
  ],
  "val_loss": [
    1.893859677016735,
    1.5504676923155785,
    1.375936847180128,
    1.4635257199406624,
    1.3197951205074787,
    1.3747126646339893,
    1.3355069793760777,
    1.4858090206980705,
    1.3768763802945614,
    1.3649358041584492,
    1.402515735477209,
    1.4870527610182762,
    1.8679493553936481,
    1.956609796732664,
    1.444109484553337,
    1.4932787045836449,
    1.5499685667455196,
    1.506354559212923,
    1.6481578536331654,
    1.7109807394444942,
    1.6100634522736073,
    1.751928374171257,
    1.5995293855667114,
    2.8720779940485954,
    2.3233088068664074,
    1.655533891171217,
    1.88595749437809,
    4.441381484270096,
    1.6484384573996067,
    1.658688511699438,
    1.6549110040068626,
    1.9994736351072788,
    1.646342158317566,
    1.8333894237875938,
    1.624814871698618,
    4.080563850700855,
    1.744434267282486,
    1.6545204780995846,
    2.0142063833773136,
    2.128894940018654,
    1.7046681754291058,
    4.871012721210718,
    2.3848787285387516,
    1.8453836776316166,
    1.6714649610221386,
    2.3769814148545265,
    1.72145901247859,
    1.733395580202341,
    1.6594504304230213,
    1.6782713867723942
  ],
  "train_drug_acc": [
    0.2866149369544132,
    0.46459747817652763,
    0.6052376333656644,
    0.6459747817652765,
    0.6668283220174588,
    0.6852570320077594,
    0.7114451988360815,
    0.7468477206595538,
    0.7778855480116392,
    0.7938894277400582,
    0.8307468477206595,
    0.8394762366634335,
    0.8549951503394763,
    0.8612997090203686,
    0.8855480116391853,
    0.8967022308438409,
    0.906886517943744,
    0.9209505334626577,
    0.9083414161008729,
    0.9180407371483996,
    0.9311348205625606,
    0.9403491755577109,
    0.9519883608147429,
    0.9495635305528612,
    0.949078564500485,
    0.9476236663433559,
    0.9602327837051406,
    0.960717749757517,
    0.9641125121241513,
    0.9675072744907857,
    0.9636275460717749,
    0.976721629485936,
    0.9728419010669254,
    0.9776915615906887,
    0.9689621726479146,
    0.9757516973811833,
    0.9718719689621726,
    0.979631425800194,
    0.9801163918525703,
    0.9849660523763336,
    0.9830261881668283,
    0.9864209505334627,
    0.981086323957323,
    0.9873908826382153,
    0.9776915615906887,
    0.983996120271581,
    0.983996120271581,
    0.9849660523763336,
    0.9835111542192047,
    0.983996120271581
  ],
  "val_drug_acc": [
    0.2128099173553719,
    0.2727272727272727,
    0.6260330578512396,
    0.5578512396694215,
    0.6590909090909091,
    0.6301652892561983,
    0.6425619834710744,
    0.5971074380165289,
    0.6694214876033058,
    0.6694214876033058,
    0.7024793388429752,
    0.6714876033057852,
    0.6838842975206612,
    0.6570247933884298,
    0.6880165289256198,
    0.6590909090909091,
    0.6838842975206612,
    0.6921487603305785,
    0.6797520661157025,
    0.6632231404958677,
    0.6611570247933884,
    0.6570247933884298,
    0.6818181818181818,
    0.6818181818181818,
    0.6756198347107438,
    0.6797520661157025,
    0.6611570247933884,
    0.6900826446280992,
    0.6714876033057852,
    0.6756198347107438,
    0.6818181818181818,
    0.6735537190082644,
    0.6776859504132231,
    0.6776859504132231,
    0.6921487603305785,
    0.6880165289256198,
    0.6735537190082644,
    0.6818181818181818,
    0.6714876033057852,
    0.6673553719008265,
    0.6714876033057852,
    0.6735537190082644,
    0.6756198347107438,
    0.6735537190082644,
    0.6735537190082644,
    0.6756198347107438,
    0.6756198347107438,
    0.6735537190082644,
    0.6859504132231405,
    0.6818181818181818
  ],
  "train_step_acc": [
    0.2419980601357905,
    0.43695441319107664,
    0.469447138700291,
    0.5824442289039767,
    0.5979631425800194,
    0.61639185257032,
    0.6231813773035888,
    0.6779825412221144,
    0.7075654704170709,
    0.7589718719689622,
    0.8016488845780795,
    0.8205625606207565,
    0.8491755577109602,
    0.8501454898157129,
    0.8709990300678953,
    0.8918525703200776,
    0.8884578079534433,
    0.9136760426770126,
    0.9049466537342385,
    0.914161008729389,
    0.9291949563530553,
    0.9413191076624636,
    0.9476236663433559,
    0.9510184287099903,
    0.9456838021338506,
    0.9515033947623667,
    0.9558680892337537,
    0.9539282250242483,
    0.9602327837051406,
    0.9689621726479146,
    0.9602327837051406,
    0.9742967992240543,
    0.972356935014549,
    0.9757516973811833,
    0.9699321047526673,
    0.9704170708050437,
    0.972356935014549,
    0.973811833171678,
    0.9762366634335596,
    0.9815712900096993,
    0.9825412221144519,
    0.983996120271581,
    0.9820562560620757,
    0.9888457807953444,
    0.9791464597478177,
    0.9835111542192047,
    0.9815712900096993,
    0.983996120271581,
    0.979631425800194,
    0.9835111542192047
  ],
  "val_step_acc": [
    0.16942148760330578,
    0.22933884297520662,
    0.40289256198347106,
    0.4669421487603306,
    0.640495867768595,
    0.5475206611570248,
    0.5805785123966942,
    0.5599173553719008,
    0.6487603305785123,
    0.6652892561983471,
    0.6900826446280992,
    0.6611570247933884,
    0.6673553719008265,
    0.6694214876033058,
    0.7004132231404959,
    0.6694214876033058,
    0.6880165289256198,
    0.7004132231404959,
    0.6983471074380165,
    0.6880165289256198,
    0.6900826446280992,
    0.6797520661157025,
    0.6962809917355371,
    0.6983471074380165,
    0.7066115702479339,
    0.6838842975206612,
    0.7004132231404959,
    0.7169421487603306,
    0.7045454545454546,
    0.7004132231404959,
    0.7086776859504132,
    0.6983471074380165,
    0.7148760330578512,
    0.6880165289256198,
    0.7169421487603306,
    0.7210743801652892,
    0.6962809917355371,
    0.7128099173553719,
    0.7045454545454546,
    0.7004132231404959,
    0.7086776859504132,
    0.7024793388429752,
    0.7086776859504132,
    0.7066115702479339,
    0.7045454545454546,
    0.7107438016528925,
    0.7086776859504132,
    0.7066115702479339,
    0.7148760330578512,
    0.7086776859504132
  ]
}